{
"lengthUnit": "mil",
"components": {
	"fields": ["COMPONENT_NO", "COMPONENT_NAME", "LAYER", "X_COORDINATE", "Y_COORDINATE", "ANGLE"],
	"rows": [
		[1, "D0", "T", 1027.59, -1214.76, 180],
		[2, "D1", "B", 2175, -1805, 180],
		[3, "DISP", "B", 2825, -2015, 180],
		[4, "EXP", "B", 1450, -2015, 180],
		[5, "F1", "B", 2480, -2090, 180],
		[6, "LPC", "B", 2480, -1620, 90],
		[7, "Q1", "B", 2210, -2050, 270],
		[8, "R1", "B", 2705, -1520, 180],
		[9, "R2", "B", 2175, -1545, 0],
		[10, "R3", "B", 2175, -1680, 0],
		[11, "R4", "B", 2710, -1700, 180],
		[12, "RGB", "B", 1860, -2015, 180],
		[13, "RGBN1", "T", 1030.16, -1346.26, 180],
		[14, "RX", "T", 1006.96, -1970.39, 180],
		[15, "SD_EXP", "B", 3100, -1610, 270],
		[16, "TX", "T", 1011.96, -1816.02, 180],
		[17, "U1", "T", 2202.38, -1642.32, 180],
		[18, "VSEL", "B", 1045, -2055, 180]
	]
},
"pins": {
	"fields": ["PIN_NO", "PIN_NAME", "PIN_X", "PIN_Y", "LAYER", "PIN_TYPE", "NET_NAME", "NET_TYPE", "PAD_SHAPE", "PAD_SIZEX", "PAD_SIZEY", "HOLE_SIZE", "PAD_ANGLE"],
	"rows": [
		[1, "D0_1", 1027.59, -1214.76, "T", "SMD", "D0", "", "O", 100, 60, 0, 180],
		[2, "D1_1", 2221.16, -1805, "B", "SMD", "5V", "", "R", 39.37, 29.53, 0, 180],
		[3, "D1_2", 2128.84, -1805, "B", "SMD", "X5V", "", "R", 39.37, 29.53, 0, 180],
		[4, "DISP_1", 2923.43, -1938.72, "B", "SMD", "VOUT", "", "R", 23.62, 61.02, 0, 180],
		[5, "DISP_2", 2884.05, -1938.72, "B", "SMD", "DISP_SPI_TX", "", "R", 23.62, 61.02, 0, 180],
		[6, "DISP_3", 2844.68, -1938.72, "B", "SMD", "DISP_SPI_SCK", "", "R", 23.62, 61.02, 0, 180],
		[7, "DISP_4", 2805.31, -1938.72, "B", "SMD", "DISP_CSN2", "", "R", 23.62, 61.02, 0, 180],
		[8, "DISP_5", 2765.94, -1938.72, "B", "SMD", "DISP_CSN1", "", "R", 23.62, 61.02, 0, 180],
		[9, "DISP_6", 2726.57, -1938.72, "B", "SMD", "GND", "GND", "R", 23.62, 61.02, 0, 180],
		[10, "DISP_7", 2675.4, -2091.28, "B", "SMD", "GND", "GND", "R", 59.05, 78.74, 0, 180],
		[11, "DISP_8", 2974.61, -2091.28, "B", "SMD", "GND", "GND", "R", 59.05, 78.74, 0, 180],
		[12, "EXP_1", 1548.43, -1938.72, "B", "SMD", "GND", "GND", "R", 23.62, 61.02, 0, 180],
		[13, "EXP_2", 1509.05, -1938.72, "B", "SMD", "XSCL", "", "R", 23.62, 61.02, 0, 180],
		[14, "EXP_3", 1469.68, -1938.72, "B", "SMD", "I2C_SDA", "", "R", 23.62, 61.02, 0, 180],
		[15, "EXP_4", 1430.31, -1938.72, "B", "SMD", "I2C_SCL", "", "R", 23.62, 61.02, 0, 180],
		[16, "EXP_5", 1390.94, -1938.72, "B", "SMD", "XSDA", "", "R", 23.62, 61.02, 0, 180],
		[17, "EXP_6", 1351.57, -1938.72, "B", "SMD", "5V", "", "R", 23.62, 61.02, 0, 180],
		[18, "EXP_7", 1300.4, -2091.28, "B", "SMD", "GND", "GND", "R", 59.05, 78.74, 0, 180],
		[19, "EXP_8", 1599.61, -2091.28, "B", "SMD", "GND", "GND", "R", 59.05, 78.74, 0, 180],
		[20, "F1_1", 2509.66, -2090, "B", "SMD", "D5V", "", "R", 31.75, 34.02, 0, 180],
		[21, "F1_2", 2450.34, -2090, "B", "SMD", "D5V1", "", "R", 31.75, 34.02, 0, 180],
		[22, "LPC_1", 2370.55, -1970, "B", "SMD", "GND", "GND", "R", 39.37, 62.99, 0, 90],
		[23, "LPC_2", 2589.45, -1970, "B", "SMD", "LCLK", "", "R", 39.37, 62.99, 0, 90],
		[24, "LPC_3", 2370.55, -1870, "B", "SMD", "LPC_3", "", "R", 39.37, 62.99, 0, 90],
		[25, "LPC_4", 2589.45, -1870, "B", "SMD", "LFRAME", "", "R", 39.37, 62.99, 0, 90],
		[26, "LPC_5", 2370.55, -1770, "B", "SMD", "X5V", "", "R", 39.37, 62.99, 0, 90],
		[27, "LPC_6", 2589.45, -1770, "B", "SMD", "RST", "", "R", 39.37, 62.99, 0, 90],
		[28, "LPC_7", 2370.55, -1670, "B", "SMD", "XLAD2", "", "R", 39.37, 62.99, 0, 90],
		[29, "LPC_8", 2589.45, -1670, "B", "SMD", "XLAD3", "", "R", 39.37, 62.99, 0, 90],
		[30, "LPC_9", 2370.55, -1570, "B", "SMD", "XLAD1", "", "R", 39.37, 62.99, 0, 90],
		[31, "LPC_10", 2589.45, -1570, "B", "SMD", "3.3V", "", "R", 39.37, 62.99, 0, 90],
		[32, "LPC_11", 2370.55, -1470, "B", "SMD", "GND", "GND", "R", 39.37, 62.99, 0, 90],
		[33, "LPC_12", 2589.45, -1470, "B", "SMD", "XLAD0", "", "R", 39.37, 62.99, 0, 90],
		[34, "LPC_13", 2370.55, -1370, "B", "SMD", "XSDA", "", "R", 39.37, 62.99, 0, 90],
		[35, "LPC_14", 2589.45, -1370, "B", "SMD", "XSCL", "", "R", 39.37, 62.99, 0, 90],
		[36, "LPC_15", 2370.55, -1270, "B", "SMD", "LPC_15", "", "R", 39.37, 62.99, 0, 90],
		[37, "LPC_16", 2589.45, -1270, "B", "SMD", "3.3V", "", "R", 39.37, 62.99, 0, 90],
		[38, "Q1_1", 2247.4, -2089.37, "B", "SMD", "5V", "", "R", 49.21, 27.56, 0, 270],
		[39, "Q1_2", 2172.6, -2089.37, "B", "SMD", "3.3V", "", "R", 49.21, 27.56, 0, 270],
		[40, "Q1_3", 2210, -2010.63, "B", "SMD", "D5V1", "", "R", 49.21, 27.56, 0, 270],
		[41, "R1_1", 2744.37, -1520, "B", "SMD", "LAD0", "", "R", 44.59, 54.21, 0, 180],
		[42, "R1_2", 2665.63, -1520, "B", "SMD", "XLAD0", "", "R", 44.59, 54.21, 0, 180],
		[43, "R2_1", 2135.63, -1545, "B", "SMD", "LAD1", "", "R", 44.59, 54.21, 0, 0],
		[44, "R2_2", 2214.37, -1545, "B", "SMD", "XLAD1", "", "R", 44.59, 54.21, 0, 0],
		[45, "R3_1", 2135.63, -1680, "B", "SMD", "LAD2", "", "R", 44.59, 54.21, 0, 0],
		[46, "R3_2", 2214.37, -1680, "B", "SMD", "XLAD2", "", "R", 44.59, 54.21, 0, 0],
		[47, "R4_1", 2749.37, -1700, "B", "SMD", "LAD3", "", "R", 44.59, 54.21, 0, 180],
		[48, "R4_2", 2670.63, -1700, "B", "SMD", "XLAD3", "", "R", 44.59, 54.21, 0, 180],
		[49, "RGB_1", 1958.43, -1938.72, "B", "SMD", "RGB_DI", "", "R", 23.62, 61.02, 0, 180],
		[50, "RGB_2", 1919.05, -1938.72, "B", "SMD", "3.3V", "", "R", 23.62, 61.02, 0, 180],
		[51, "RGB_3", 1879.68, -1938.72, "B", "SMD", "GND", "GND", "R", 23.62, 61.02, 0, 180],
		[52, "RGB_4", 1840.31, -1938.72, "B", "SMD", "RGB_4", "", "R", 23.62, 61.02, 0, 180],
		[53, "RGB_5", 1800.94, -1938.72, "B", "SMD", "GND", "GND", "R", 23.62, 61.02, 0, 180],
		[54, "RGB_6", 1761.57, -1938.72, "B", "SMD", "5V", "", "R", 23.62, 61.02, 0, 180],
		[55, "RGB_7", 1710.4, -2091.28, "B", "SMD", "GND", "GND", "R", 59.05, 78.74, 0, 180],
		[56, "RGB_8", 2009.61, -2091.28, "B", "SMD", "GND", "GND", "R", 59.05, 78.74, 0, 180],
		[57, "RGBN1_1", 1030.16, -1346.26, "T", "SMD", "RGB_DI", "", "O", 100, 60, 0, 180],
		[58, "RX_1", 1006.96, -1970.39, "T", "SMD", "UART_RX", "", "O", 100, 60, 0, 180],
		[59, "SD_EXP_1", 3023.72, -1511.57, "B", "SMD", "SD_CSN", "", "R", 23.62, 61.02, 0, 270],
		[60, "SD_EXP_2", 3023.72, -1550.95, "B", "SMD", "SD_MOSI", "", "R", 23.62, 61.02, 0, 270],
		[61, "SD_EXP_3", 3023.72, -1590.32, "B", "SMD", "3.3V", "", "R", 23.62, 61.02, 0, 270],
		[62, "SD_EXP_4", 3023.72, -1629.69, "B", "SMD", "SD_CLK", "", "R", 23.62, 61.02, 0, 270],
		[63, "SD_EXP_5", 3023.72, -1669.06, "B", "SMD", "GND", "GND", "R", 23.62, 61.02, 0, 270],
		[64, "SD_EXP_6", 3023.72, -1708.43, "B", "SMD", "SD_MSIO", "", "R", 23.62, 61.02, 0, 270],
		[65, "SD_EXP_7", 3176.28, -1759.6, "B", "SMD", "GND", "GND", "R", 59.05, 78.74, 0, 270],
		[66, "SD_EXP_8", 3176.28, -1460.39, "B", "SMD", "GND", "GND", "R", 59.05, 78.74, 0, 270],
		[67, "TX_1", 1011.96, -1816.02, "T", "SMD", "UART_TX", "", "O", 100, 60, 0, 180],
		[68, "U1_1", 3164.79, -1245.18, "T", "SMD", "LAD0", "", "R", 62.99, 125.98, 0, 180],
		[69, "U1_2", 3064.79, -1245.18, "T", "SMD", "LAD1", "", "R", 62.99, 125.98, 0, 180],
		[70, "U1_3", 2964.79, -1245.18, "T", "SMD", "GND", "GND", "R", 62.99, 125.98, 0, 180],
		[71, "U1_4", 2864.79, -1245.18, "T", "SMD", "LAD2", "", "R", 62.99, 125.98, 0, 180],
		[72, "U1_5", 2764.79, -1245.18, "T", "SMD", "LAD3", "", "R", 62.99, 125.98, 0, 180],
		[73, "U1_6", 2664.79, -1245.18, "T", "SMD", "LCLK", "", "R", 62.99, 125.98, 0, 180],
		[74, "U1_7", 2564.79, -1245.18, "T", "SMD", "LFRAME", "", "R", 62.99, 125.98, 0, 180],
		[75, "U1_8", 2464.79, -1245.18, "T", "SMD", "GND", "GND", "R", 62.99, 125.98, 0, 180],
		[76, "U1_9", 2364.79, -1245.18, "T", "SMD", "D0", "", "R", 62.99, 125.98, 0, 180],
		[77, "U1_10", 2264.79, -1245.18, "T", "SMD", "RST", "", "R", 62.99, 125.98, 0, 180],
		[78, "U1_11", 2164.79, -1245.18, "T", "SMD", "3.3V", "", "R", 62.99, 125.98, 0, 180],
		[79, "U1_12", 2064.79, -1245.18, "T", "SMD", "U1_12", "", "R", 62.99, 125.98, 0, 180],
		[80, "U1_13", 1964.79, -1245.18, "T", "SMD", "GND", "GND", "R", 62.99, 125.98, 0, 180],
		[81, "U1_14", 1864.79, -1245.18, "T", "SMD", "U1_14", "", "R", 62.99, 125.98, 0, 180],
		[82, "U1_15", 1764.79, -1245.18, "T", "SMD", "U1_15", "", "R", 62.99, 125.98, 0, 180],
		[83, "U1_16", 1664.79, -1245.18, "T", "SMD", "SD_MSIO", "", "R", 62.99, 125.98, 0, 180],
		[84, "U1_17", 1564.79, -1245.18, "T", "SMD", "SD_CSN", "", "R", 62.99, 125.98, 0, 180],
		[85, "U1_18", 1464.79, -1245.18, "T", "SMD", "GND", "GND", "R", 62.99, 125.98, 0, 180],
		[86, "U1_19", 1364.79, -1245.18, "T", "SMD", "SD_CLK", "", "R", 62.99, 125.98, 0, 180],
		[87, "U1_20", 1264.79, -1245.18, "T", "SMD", "SD_MOSI", "", "R", 62.99, 125.98, 0, 180],
		[88, "U1_21", 1264.79, -2039.46, "T", "SMD", "UART_TX", "", "R", 62.99, 125.98, 0, 180],
		[89, "U1_22", 1364.79, -2039.46, "T", "SMD", "UART_RX", "", "R", 62.99, 125.98, 0, 180],
		[90, "U1_23", 1464.79, -2039.46, "T", "SMD", "GND", "GND", "R", 62.99, 125.98, 0, 180],
		[91, "U1_24", 1564.79, -2039.46, "T", "SMD", "DISP_SPI_SCK", "", "R", 62.99, 125.98, 0, 180],
		[92, "U1_25", 1664.79, -2039.46, "T", "SMD", "DISP_SPI_TX", "", "R", 62.99, 125.98, 0, 180],
		[93, "U1_26", 1764.79, -2039.46, "T", "SMD", "I2C_SDA", "", "R", 62.99, 125.98, 0, 180],
		[94, "U1_27", 1864.79, -2039.46, "T", "SMD", "I2C_SCL", "", "R", 62.99, 125.98, 0, 180],
		[95, "U1_28", 1964.79, -2039.46, "T", "SMD", "GND", "GND", "R", 62.99, 125.98, 0, 180],
		[96, "U1_29", 2064.79, -2039.46, "T", "SMD", "RGB_DI", "", "R", 62.99, 125.98, 0, 180],
		[97, "U1_30", 2164.79, -2039.46, "T", "SMD", "U1_30", "", "R", 62.99, 125.98, 0, 180],
		[98, "U1_31", 2264.79, -2039.46, "T", "SMD", "DISP_CSN2", "", "R", 62.99, 125.98, 0, 180],
		[99, "U1_32", 2364.79, -2039.46, "T", "SMD", "DISP_CSN1", "", "R", 62.99, 125.98, 0, 180],
		[100, "U1_33", 2464.79, -2039.46, "T", "SMD", "GND", "GND", "R", 62.99, 125.98, 0, 180],
		[101, "U1_34", 2564.79, -2039.46, "T", "SMD", "U1_34", "", "R", 62.99, 125.98, 0, 180],
		[102, "U1_35", 2664.79, -2039.46, "T", "SMD", "U1_35", "", "R", 62.99, 125.98, 0, 180],
		[103, "U1_36", 2764.79, -2039.46, "T", "SMD", "U1_36", "", "R", 62.99, 125.98, 0, 180],
		[104, "U1_37", 2864.79, -2039.46, "T", "SMD", "U1_37", "", "R", 62.99, 125.98, 0, 180],
		[105, "U1_38", 2964.79, -2039.46, "T", "SMD", "GND", "GND", "R", 62.99, 125.98, 0, 180],
		[106, "U1_39", 3064.79, -2039.46, "T", "SMD", "5V", "", "R", 62.99, 125.98, 0, 180],
		[107, "U1_40", 3164.79, -2039.46, "T", "SMD", "U1_40", "", "R", 62.99, 125.98, 0, 180],
		[108, "U1_41", 1233.29, -1542.32, "T", "SMD", "U1_41", "", "R", 62.99, 125.98, 0, 270],
		[109, "U1_42", 1233.29, -1642.32, "T", "SMD", "GND", "GND", "R", 62.99, 125.98, 0, 270],
		[110, "U1_43", 1233.29, -1742.32, "T", "SMD", "U1_43", "", "R", 62.99, 125.98, 0, 270],
		[111, "U1_TP1", 3041.55, -1642.31, "T", "SMD", "U1_TP1", "", "R", 59.05, 59.05, 0, 180],
		[112, "U1_TP2", 3171.47, -1681.69, "T", "SMD", "U1_TP2", "", "R", 59.05, 59.05, 0, 180],
		[113, "U1_TP3", 3171.47, -1602.95, "T", "SMD", "U1_TP3", "", "R", 59.05, 59.05, 0, 180],
		[114, "U1_TP4", 2903.76, -1543.89, "T", "SMD", "U1_TP4", "", "R", 59.05, 59.05, 0, 180],
		[115, "U1_TP5", 2800.33, -1543.89, "T", "SMD", "U1_TP5", "", "R", 59.05, 59.05, 0, 180],
		[116, "U1_TP6", 2706.91, -1543.89, "T", "SMD", "U1_TP6", "", "R", 59.05, 59.05, 0, 180],
		[117, "VSEL_1", 1084.37, -1996.83, "B", "SMD", "D5V", "", "R", 27.56, 58.66, 0, 0],
		[118, "VSEL_2", 1045, -1996.83, "B", "SMD", "VOUT", "", "R", 27.56, 58.66, 0, 0],
		[119, "VSEL_3", 1005.63, -1996.83, "B", "SMD", "3.3V", "", "R", 27.56, 58.66, 0, 0],
		[120, "VSEL_4", 1155.24, -2113.17, "B", "SMD", "GND", "GND", "R", 31.5, 39.37, 0, 270],
		[121, "VSEL_4", 934.77, -2113.17, "B", "SMD", "GND", "GND", "R", 31.5, 39.37, 0, 270],
		[122, "VSEL_4", 1155.24, -2026.55, "B", "SMD", "GND", "GND", "R", 31.5, 39.37, 0, 270],
		[123, "VSEL_4", 934.77, -2026.55, "B", "SMD", "GND", "GND", "R", 31.5, 39.37, 0, 270]
	]
}
}