{
"lengthUnit": "mil",
"components": {
	"fields": ["COMPONENT_NO", "COMPONENT_NAME", "LAYER", "X_COORDINATE", "Y_COORDINATE", "ANGLE"],
	"rows": [
		[1, "D0", "T", 981.64, -1856.69, 180],
		[2, "D1", "B", 2185, -1870, 180],
		[3, "DISP", "B", 2825, -2015, 180],
		[4, "EXP", "B", 1450, -2015, 180],
		[5, "LPC", "B", 2480, -1620, 180],
		[6, "R1", "B", 2380, -1855, 180],
		[7, "R2", "B", 2372.34, -1422.78, 0],
		[8, "R3", "B", 2565, -1425, 0],
		[9, "R4", "B", 2605, -1860, 180],
		[10, "RGB", "B", 1860, -2015, 180],
		[11, "RGBN1", "T", 984.21, -1988.19, 180],
		[12, "RX", "T", 986.4, -1357.86, 180],
		[13, "SD_EXP", "B", 3100, -1610, 270],
		[14, "TX", "T", 991.4, -1203.49, 180],
		[15, "U1", "T", 2209.42, -1625.63, 180]
	]
},
"pins": {
	"fields": ["PIN_NO", "PIN_NAME", "PIN_X", "PIN_Y", "LAYER", "PIN_TYPE", "NET_NAME", "NET_TYPE", "PAD_SHAPE", "PAD_SIZEX", "PAD_SIZEY", "HOLE_SIZE", "PAD_ANGLE"],
	"rows": [
		[1, "D0_1", 981.64, -1856.69, "T", "SMD", "D0", "", "O", 100, 60, 0, 180],
		[2, "D1_1", 2231.16, -1870, "B", "SMD", "5V", "", "R", 39.37, 29.53, 0, 180],
		[3, "D1_2", 2138.84, -1870, "B", "SMD", "X5V", "", "R", 39.37, 29.53, 0, 180],
		[4, "DISP_1", 2923.43, -1938.72, "B", "SMD", "5V", "", "R", 23.62, 61.02, 0, 180],
		[5, "DISP_2", 2884.05, -1938.72, "B", "SMD", "DISP_SPI_TX", "", "R", 23.62, 61.02, 0, 180],
		[6, "DISP_3", 2844.68, -1938.72, "B", "SMD", "DISP_SPI_SCK", "", "R", 23.62, 61.02, 0, 180],
		[7, "DISP_4", 2805.31, -1938.72, "B", "SMD", "DISP_CSN2", "", "R", 23.62, 61.02, 0, 180],
		[8, "DISP_5", 2765.94, -1938.72, "B", "SMD", "DISP_CSN1", "", "R", 23.62, 61.02, 0, 180],
		[9, "DISP_6", 2726.57, -1938.72, "B", "SMD", "GND", "GND", "R", 23.62, 61.02, 0, 180],
		[10, "DISP_7", 2675.4, -2091.28, "B", "SMD", "GND", "GND", "R", 59.05, 78.74, 0, 180],
		[11, "DISP_8", 2974.61, -2091.28, "B", "SMD", "GND", "GND", "R", 59.05, 78.74, 0, 180],
		[12, "EXP_1", 1548.43, -1938.72, "B", "SMD", "GND", "GND", "R", 23.62, 61.02, 0, 180],
		[13, "EXP_2", 1509.05, -1938.72, "B", "SMD", "XSCL", "", "R", 23.62, 61.02, 0, 180],
		[14, "EXP_3", 1469.68, -1938.72, "B", "SMD", "I2C_SDA", "", "R", 23.62, 61.02, 0, 180],
		[15, "EXP_4", 1430.31, -1938.72, "B", "SMD", "I2C_SCL", "", "R", 23.62, 61.02, 0, 180],
		[16, "EXP_5", 1390.94, -1938.72, "B", "SMD", "XSDA", "", "R", 23.62, 61.02, 0, 180],
		[17, "EXP_6", 1351.57, -1938.72, "B", "SMD", "5V", "", "R", 23.62, 61.02, 0, 180],
		[18, "EXP_7", 1300.4, -2091.28, "B", "SMD", "GND", "GND", "R", 59.05, 78.74, 0, 180],
		[19, "EXP_8", 1599.61, -2091.28, "B", "SMD", "GND", "GND", "R", 59.05, 78.74, 0, 180],
		[20, "LPC_1", 2830, -1729.45, "B", "SMD", "GND", "GND", "R", 39.37, 62.99, 0, 180],
		[21, "LPC_2", 2830, -1510.55, "B", "SMD", "LCLK", "", "R", 39.37, 62.99, 0, 180],
		[22, "LPC_3", 2730, -1729.45, "B", "SMD", "LPC_3", "", "R", 39.37, 62.99, 0, 180],
		[23, "LPC_4", 2730, -1510.55, "B", "SMD", "LFRAME", "", "R", 39.37, 62.99, 0, 180],
		[24, "LPC_5", 2630, -1729.45, "B", "SMD", "X5V", "", "R", 39.37, 62.99, 0, 180],
		[25, "LPC_6", 2630, -1510.55, "B", "SMD", "RST", "", "R", 39.37, 62.99, 0, 180],
		[26, "LPC_7", 2530, -1729.45, "B", "SMD", "XLAD2", "", "R", 39.37, 62.99, 0, 180],
		[27, "LPC_8", 2530, -1510.55, "B", "SMD", "XLAD3", "", "R", 39.37, 62.99, 0, 180],
		[28, "LPC_9", 2430, -1729.45, "B", "SMD", "XLAD1", "", "R", 39.37, 62.99, 0, 180],
		[29, "LPC_10", 2430, -1510.55, "B", "SMD", "3.3V", "", "R", 39.37, 62.99, 0, 180],
		[30, "LPC_11", 2330, -1729.45, "B", "SMD", "GND", "GND", "R", 39.37, 62.99, 0, 180],
		[31, "LPC_12", 2330, -1510.55, "B", "SMD", "XLAD0", "", "R", 39.37, 62.99, 0, 180],
		[32, "LPC_13", 2230, -1729.45, "B", "SMD", "XSDA", "", "R", 39.37, 62.99, 0, 180],
		[33, "LPC_14", 2230, -1510.55, "B", "SMD", "XSCL", "", "R", 39.37, 62.99, 0, 180],
		[34, "LPC_15", 2130, -1729.45, "B", "SMD", "LPC_15", "", "R", 39.37, 62.99, 0, 180],
		[35, "LPC_16", 2130, -1510.55, "B", "SMD", "LPC_16", "", "R", 39.37, 62.99, 0, 180],
		[36, "R1_1", 2419.37, -1855, "B", "SMD", "LAD0", "", "R", 44.59, 54.21, 0, 180],
		[37, "R1_2", 2340.63, -1855, "B", "SMD", "XLAD0", "", "R", 44.59, 54.21, 0, 180],
		[38, "R2_1", 2332.97, -1422.78, "B", "SMD", "LAD1", "", "R", 44.59, 54.21, 0, 0],
		[39, "R2_2", 2411.71, -1422.78, "B", "SMD", "XLAD1", "", "R", 44.59, 54.21, 0, 0],
		[40, "R3_1", 2525.63, -1425, "B", "SMD", "LAD2", "", "R", 44.59, 54.21, 0, 0],
		[41, "R3_2", 2604.37, -1425, "B", "SMD", "XLAD2", "", "R", 44.59, 54.21, 0, 0],
		[42, "R4_1", 2644.37, -1860, "B", "SMD", "LAD3", "", "R", 44.59, 54.21, 0, 180],
		[43, "R4_2", 2565.63, -1860, "B", "SMD", "XLAD3", "", "R", 44.59, 54.21, 0, 180],
		[44, "RGB_1", 1958.43, -1938.72, "B", "SMD", "RGB_DI", "", "R", 23.62, 61.02, 0, 180],
		[45, "RGB_2", 1919.05, -1938.72, "B", "SMD", "3.3V", "", "R", 23.62, 61.02, 0, 180],
		[46, "RGB_3", 1879.68, -1938.72, "B", "SMD", "GND", "GND", "R", 23.62, 61.02, 0, 180],
		[47, "RGB_4", 1840.31, -1938.72, "B", "SMD", "RGB_4", "", "R", 23.62, 61.02, 0, 180],
		[48, "RGB_5", 1800.94, -1938.72, "B", "SMD", "GND", "GND", "R", 23.62, 61.02, 0, 180],
		[49, "RGB_6", 1761.57, -1938.72, "B", "SMD", "5V", "", "R", 23.62, 61.02, 0, 180],
		[50, "RGB_7", 1710.4, -2091.28, "B", "SMD", "GND", "GND", "R", 59.05, 78.74, 0, 180],
		[51, "RGB_8", 2009.61, -2091.28, "B", "SMD", "GND", "GND", "R", 59.05, 78.74, 0, 180],
		[52, "RGBN1_1", 984.21, -1988.19, "T", "SMD", "RGB_DI", "", "O", 100, 60, 0, 180],
		[53, "RX_1", 986.4, -1357.86, "T", "SMD", "UART_RX", "", "O", 100, 60, 0, 180],
		[54, "SD_EXP_1", 3023.72, -1511.57, "B", "SMD", "SD_CSN", "", "R", 23.62, 61.02, 0, 270],
		[55, "SD_EXP_2", 3023.72, -1550.95, "B", "SMD", "SD_MOSI", "", "R", 23.62, 61.02, 0, 270],
		[56, "SD_EXP_3", 3023.72, -1590.32, "B", "SMD", "3.3V", "", "R", 23.62, 61.02, 0, 270],
		[57, "SD_EXP_4", 3023.72, -1629.69, "B", "SMD", "SD_CLK", "", "R", 23.62, 61.02, 0, 270],
		[58, "SD_EXP_5", 3023.72, -1669.06, "B", "SMD", "GND", "GND", "R", 23.62, 61.02, 0, 270],
		[59, "SD_EXP_6", 3023.72, -1708.43, "B", "SMD", "SD_MSIO", "", "R", 23.62, 61.02, 0, 270],
		[60, "SD_EXP_7", 3176.28, -1759.6, "B", "SMD", "GND", "GND", "R", 59.05, 78.74, 0, 270],
		[61, "SD_EXP_8", 3176.28, -1460.39, "B", "SMD", "GND", "GND", "R", 59.05, 78.74, 0, 270],
		[62, "TX_1", 991.4, -1203.49, "T", "SMD", "UART_TX", "", "O", 100, 60, 0, 180],
		[63, "U1_1", 3171.83, -1228.5, "T", "SMD", "LAD0", "", "R", 62.99, 125.98, 0, 180],
		[64, "U1_2", 3071.83, -1228.5, "T", "SMD", "LAD1", "", "R", 62.99, 125.98, 0, 180],
		[65, "U1_3", 2971.83, -1228.5, "T", "SMD", "GND", "GND", "R", 62.99, 125.98, 0, 180],
		[66, "U1_4", 2871.83, -1228.5, "T", "SMD", "LAD2", "", "R", 62.99, 125.98, 0, 180],
		[67, "U1_5", 2771.83, -1228.5, "T", "SMD", "LAD3", "", "R", 62.99, 125.98, 0, 180],
		[68, "U1_6", 2671.83, -1228.5, "T", "SMD", "LCLK", "", "R", 62.99, 125.98, 0, 180],
		[69, "U1_7", 2571.83, -1228.5, "T", "SMD", "LFRAME", "", "R", 62.99, 125.98, 0, 180],
		[70, "U1_8", 2471.83, -1228.5, "T", "SMD", "GND", "GND", "R", 62.99, 125.98, 0, 180],
		[71, "U1_9", 2371.83, -1228.5, "T", "SMD", "D0", "", "R", 62.99, 125.98, 0, 180],
		[72, "U1_10", 2271.83, -1228.5, "T", "SMD", "RST", "", "R", 62.99, 125.98, 0, 180],
		[73, "U1_11", 2171.83, -1228.5, "T", "SMD", "3.3V", "", "R", 62.99, 125.98, 0, 180],
		[74, "U1_12", 2071.83, -1228.5, "T", "SMD", "U1_12", "", "R", 62.99, 125.98, 0, 180],
		[75, "U1_13", 1971.83, -1228.5, "T", "SMD", "GND", "GND", "R", 62.99, 125.98, 0, 180],
		[76, "U1_14", 1871.83, -1228.5, "T", "SMD", "U1_14", "", "R", 62.99, 125.98, 0, 180],
		[77, "U1_15", 1771.83, -1228.5, "T", "SMD", "U1_15", "", "R", 62.99, 125.98, 0, 180],
		[78, "U1_16", 1671.83, -1228.49, "T", "SMD", "SD_MSIO", "", "R", 62.99, 125.98, 0, 180],
		[79, "U1_17", 1571.83, -1228.49, "T", "SMD", "SD_CSN", "", "R", 62.99, 125.98, 0, 180],
		[80, "U1_18", 1471.83, -1228.49, "T", "SMD", "GND", "GND", "R", 62.99, 125.98, 0, 180],
		[81, "U1_19", 1371.83, -1228.49, "T", "SMD", "SD_CLK", "", "R", 62.99, 125.98, 0, 180],
		[82, "U1_20", 1271.83, -1228.49, "T", "SMD", "SD_MOSI", "", "R", 62.99, 125.98, 0, 180],
		[83, "U1_21", 1271.83, -2022.77, "T", "SMD", "UART_TX", "", "R", 62.99, 125.98, 0, 180],
		[84, "U1_22", 1371.83, -2022.77, "T", "SMD", "UART_RX", "", "R", 62.99, 125.98, 0, 180],
		[85, "U1_23", 1471.83, -2022.77, "T", "SMD", "GND", "GND", "R", 62.99, 125.98, 0, 180],
		[86, "U1_24", 1571.83, -2022.77, "T", "SMD", "DISP_SPI_SCK", "", "R", 62.99, 125.98, 0, 180],
		[87, "U1_25", 1671.83, -2022.77, "T", "SMD", "DISP_SPI_TX", "", "R", 62.99, 125.98, 0, 180],
		[88, "U1_26", 1771.83, -2022.77, "T", "SMD", "I2C_SDA", "", "R", 62.99, 125.98, 0, 180],
		[89, "U1_27", 1871.83, -2022.77, "T", "SMD", "I2C_SCL", "", "R", 62.99, 125.98, 0, 180],
		[90, "U1_28", 1971.83, -2022.77, "T", "SMD", "GND", "GND", "R", 62.99, 125.98, 0, 180],
		[91, "U1_29", 2071.83, -2022.77, "T", "SMD", "RGB_DI", "", "R", 62.99, 125.98, 0, 180],
		[92, "U1_30", 2171.83, -2022.77, "T", "SMD", "U1_30", "", "R", 62.99, 125.98, 0, 180],
		[93, "U1_31", 2271.83, -2022.77, "T", "SMD", "DISP_CSN2", "", "R", 62.99, 125.98, 0, 180],
		[94, "U1_32", 2371.83, -2022.77, "T", "SMD", "DISP_CSN1", "", "R", 62.99, 125.98, 0, 180],
		[95, "U1_33", 2471.83, -2022.77, "T", "SMD", "GND", "GND", "R", 62.99, 125.98, 0, 180],
		[96, "U1_34", 2571.83, -2022.77, "T", "SMD", "U1_34", "", "R", 62.99, 125.98, 0, 180],
		[97, "U1_35", 2671.83, -2022.77, "T", "SMD", "U1_35", "", "R", 62.99, 125.98, 0, 180],
		[98, "U1_36", 2771.83, -2022.77, "T", "SMD", "U1_36", "", "R", 62.99, 125.98, 0, 180],
		[99, "U1_37", 2871.83, -2022.77, "T", "SMD", "U1_37", "", "R", 62.99, 125.98, 0, 180],
		[100, "U1_38", 2971.83, -2022.78, "T", "SMD", "GND", "GND", "R", 62.99, 125.98, 0, 180],
		[101, "U1_39", 3071.83, -2022.78, "T", "SMD", "5V", "", "R", 62.99, 125.98, 0, 180],
		[102, "U1_40", 3171.83, -2022.78, "T", "SMD", "U1_40", "", "R", 62.99, 125.98, 0, 180],
		[103, "U1_41", 1240.33, -1525.63, "T", "SMD", "U1_41", "", "R", 62.99, 125.98, 0, 270],
		[104, "U1_42", 1240.33, -1625.63, "T", "SMD", "GND", "GND", "R", 62.99, 125.98, 0, 270],
		[105, "U1_43", 1240.33, -1725.63, "T", "SMD", "U1_43", "", "R", 62.99, 125.98, 0, 270],
		[106, "U1_TP1", 3048.59, -1625.63, "T", "SMD", "U1_TP1", "", "R", 59.05, 59.05, 0, 180],
		[107, "U1_TP2", 3178.51, -1665.01, "T", "SMD", "U1_TP2", "", "R", 59.05, 59.05, 0, 180],
		[108, "U1_TP3", 3178.51, -1586.27, "T", "SMD", "U1_TP3", "", "R", 59.05, 59.05, 0, 180],
		[109, "U1_TP4", 2910.8, -1527.21, "T", "SMD", "U1_TP4", "", "R", 59.05, 59.05, 0, 180],
		[110, "U1_TP5", 2807.37, -1527.21, "T", "SMD", "U1_TP5", "", "R", 59.05, 59.05, 0, 180],
		[111, "U1_TP6", 2713.95, -1527.21, "T", "SMD", "U1_TP6", "", "R", 59.05, 59.05, 0, 180]
	]
}
}