{
"lengthUnit": "mil",
"components": {
	"fields": ["COMPONENT_NO", "COMPONENT_NAME", "LAYER", "X_COORDINATE", "Y_COORDINATE", "ANGLE"],
	"rows": [
		[1, "D0", "T", 3054.21, -2053.19, 0],
		[2, "D1", "B", 2623.96, -1891.04, 270],
		[3, "DISP", "B", 2825, -2015, 180],
		[4, "EXP", "B", 1450, -2015, 180],
		[5, "F1", "B", 2480, -2090, 180],
		[6, "LPC", "B", 2438.96, -1586.04, 180],
		[7, "Q1", "B", 2210, -2050, 270],
		[8, "R1", "B", 2338.96, -1361.04, 270],
		[9, "R2", "B", 2363.96, -1891.04, 90],
		[10, "R3", "B", 2498.96, -1891.04, 90],
		[11, "R4", "B", 2518.96, -1356.04, 270],
		[12, "RGB", "B", 1860, -2015, 180],
		[13, "RGBN1", "T", 3051.64, -1921.69, 0],
		[14, "RX", "T", 3074.84, -1297.56, 0],
		[15, "SD_EXP", "B", 3100, -1610, 270],
		[16, "TX", "T", 3069.84, -1451.93, 0],
		[17, "U1", "T", 1879.42, -1625.63, 0],
		[18, "VSEL", "B", 3135, -1945, 270]
	]
},
"pins": {
	"fields": ["PIN_NO", "PIN_NAME", "PIN_X", "PIN_Y", "LAYER", "PIN_TYPE", "NET_NAME", "NET_TYPE", "PAD_SHAPE", "PAD_SIZEX", "PAD_SIZEY", "HOLE_SIZE", "PAD_ANGLE"],
	"rows": [
		[1, "D0_1", 3054.21, -2053.19, "T", "SMD", "D0", "", "O", 100, 60, 0, 0],
		[2, "D1_1", 2623.96, -1844.87, "B", "SMD", "5V", "", "R", 39.37, 29.53, 0, 270],
		[3, "D1_2", 2623.96, -1937.2, "B", "SMD", "X5V", "", "R", 39.37, 29.53, 0, 270],
		[4, "DISP_1", 2923.43, -1938.72, "B", "SMD", "VOUT", "", "R", 23.62, 61.02, 0, 180],
		[5, "DISP_2", 2884.05, -1938.72, "B", "SMD", "DISP_SPI_TX", "", "R", 23.62, 61.02, 0, 180],
		[6, "DISP_3", 2844.68, -1938.72, "B", "SMD", "DISP_SPI_SCK", "", "R", 23.62, 61.02, 0, 180],
		[7, "DISP_4", 2805.31, -1938.72, "B", "SMD", "DISP_CSN2", "", "R", 23.62, 61.02, 0, 180],
		[8, "DISP_5", 2765.94, -1938.72, "B", "SMD", "DISP_CSN1", "", "R", 23.62, 61.02, 0, 180],
		[9, "DISP_6", 2726.57, -1938.72, "B", "SMD", "GND", "GND", "R", 23.62, 61.02, 0, 180],
		[10, "DISP_7", 2675.4, -2091.28, "B", "SMD", "GND", "GND", "R", 59.05, 78.74, 0, 180],
		[11, "DISP_8", 2974.61, -2091.28, "B", "SMD", "GND", "GND", "R", 59.05, 78.74, 0, 180],
		[12, "EXP_1", 1548.43, -1938.72, "B", "SMD", "GND", "GND", "R", 23.62, 61.02, 0, 180],
		[13, "EXP_2", 1509.05, -1938.72, "B", "SMD", "XSCL", "", "R", 23.62, 61.02, 0, 180],
		[14, "EXP_3", 1469.68, -1938.72, "B", "SMD", "I2C_SDA", "", "R", 23.62, 61.02, 0, 180],
		[15, "EXP_4", 1430.31, -1938.72, "B", "SMD", "I2C_SCL", "", "R", 23.62, 61.02, 0, 180],
		[16, "EXP_5", 1390.94, -1938.72, "B", "SMD", "XSDA", "", "R", 23.62, 61.02, 0, 180],
		[17, "EXP_6", 1351.57, -1938.72, "B", "SMD", "5V", "", "R", 23.62, 61.02, 0, 180],
		[18, "EXP_7", 1300.4, -2091.28, "B", "SMD", "GND", "GND", "R", 59.05, 78.74, 0, 180],
		[19, "EXP_8", 1599.61, -2091.28, "B", "SMD", "GND", "GND", "R", 59.05, 78.74, 0, 180],
		[20, "F1_1", 2509.66, -2090, "B", "SMD", "D5V", "", "R", 31.75, 34.02, 0, 180],
		[21, "F1_2", 2450.34, -2090, "B", "SMD", "D5V1", "", "R", 31.75, 34.02, 0, 180],
		[22, "LPC_1", 2788.97, -1695.49, "B", "SMD", "GND", "GND", "R", 39.37, 62.99, 0, 180],
		[23, "LPC_2", 2788.97, -1476.59, "B", "SMD", "LCLK", "", "R", 39.37, 62.99, 0, 180],
		[24, "LPC_3", 2688.97, -1695.49, "B", "SMD", "LPC_3", "", "R", 39.37, 62.99, 0, 180],
		[25, "LPC_4", 2688.97, -1476.59, "B", "SMD", "LFRAME", "", "R", 39.37, 62.99, 0, 180],
		[26, "LPC_5", 2588.97, -1695.49, "B", "SMD", "X5V", "", "R", 39.37, 62.99, 0, 180],
		[27, "LPC_6", 2588.97, -1476.59, "B", "SMD", "RST", "", "R", 39.37, 62.99, 0, 180],
		[28, "LPC_7", 2488.97, -1695.49, "B", "SMD", "XLAD2", "", "R", 39.37, 62.99, 0, 180],
		[29, "LPC_8", 2488.97, -1476.59, "B", "SMD", "XLAD3", "", "R", 39.37, 62.99, 0, 180],
		[30, "LPC_9", 2388.97, -1695.49, "B", "SMD", "XLAD1", "", "R", 39.37, 62.99, 0, 180],
		[31, "LPC_10", 2388.97, -1476.59, "B", "SMD", "3.3V", "", "R", 39.37, 62.99, 0, 180],
		[32, "LPC_11", 2288.97, -1695.49, "B", "SMD", "GND", "GND", "R", 39.37, 62.99, 0, 180],
		[33, "LPC_12", 2288.97, -1476.59, "B", "SMD", "XLAD0", "", "R", 39.37, 62.99, 0, 180],
		[34, "LPC_13", 2188.97, -1695.49, "B", "SMD", "XSDA", "", "R", 39.37, 62.99, 0, 180],
		[35, "LPC_14", 2188.97, -1476.59, "B", "SMD", "XSCL", "", "R", 39.37, 62.99, 0, 180],
		[36, "LPC_15", 2088.97, -1695.49, "B", "SMD", "LPC_15", "", "R", 39.37, 62.99, 0, 180],
		[37, "LPC_16", 2088.97, -1476.59, "B", "SMD", "3.3V", "", "R", 39.37, 62.99, 0, 180],
		[38, "Q1_1", 2247.4, -2089.37, "B", "SMD", "5V", "", "R", 49.21, 27.56, 0, 270],
		[39, "Q1_2", 2172.6, -2089.37, "B", "SMD", "3.3V", "", "R", 49.21, 27.56, 0, 270],
		[40, "Q1_3", 2210, -2010.63, "B", "SMD", "D5V1", "", "R", 49.21, 27.56, 0, 270],
		[41, "R1_1", 2338.96, -1321.67, "B", "SMD", "LAD0", "", "R", 44.59, 54.21, 0, 270],
		[42, "R1_2", 2338.96, -1400.41, "B", "SMD", "XLAD0", "", "R", 44.59, 54.21, 0, 270],
		[43, "R2_1", 2363.96, -1930.41, "B", "SMD", "LAD1", "", "R", 44.59, 54.21, 0, 90],
		[44, "R2_2", 2363.96, -1851.67, "B", "SMD", "XLAD1", "", "R", 44.59, 54.21, 0, 90],
		[45, "R3_1", 2498.96, -1930.41, "B", "SMD", "LAD2", "", "R", 44.59, 54.21, 0, 90],
		[46, "R3_2", 2498.96, -1851.67, "B", "SMD", "XLAD2", "", "R", 44.59, 54.21, 0, 90],
		[47, "R4_1", 2518.96, -1316.67, "B", "SMD", "LAD3", "", "R", 44.59, 54.21, 0, 270],
		[48, "R4_2", 2518.96, -1395.41, "B", "SMD", "XLAD3", "", "R", 44.59, 54.21, 0, 270],
		[49, "RGB_1", 1958.43, -1938.72, "B", "SMD", "RGB_DI", "", "R", 23.62, 61.02, 0, 180],
		[50, "RGB_2", 1919.05, -1938.72, "B", "SMD", "3.3V", "", "R", 23.62, 61.02, 0, 180],
		[51, "RGB_3", 1879.68, -1938.72, "B", "SMD", "GND", "GND", "R", 23.62, 61.02, 0, 180],
		[52, "RGB_4", 1840.31, -1938.72, "B", "SMD", "RGB_4", "", "R", 23.62, 61.02, 0, 180],
		[53, "RGB_5", 1800.94, -1938.72, "B", "SMD", "GND", "GND", "R", 23.62, 61.02, 0, 180],
		[54, "RGB_6", 1761.57, -1938.72, "B", "SMD", "5V", "", "R", 23.62, 61.02, 0, 180],
		[55, "RGB_7", 1710.4, -2091.28, "B", "SMD", "GND", "GND", "R", 59.05, 78.74, 0, 180],
		[56, "RGB_8", 2009.61, -2091.28, "B", "SMD", "GND", "GND", "R", 59.05, 78.74, 0, 180],
		[57, "RGBN1_1", 3051.64, -1921.69, "T", "SMD", "RGB_DI", "", "O", 100, 60, 0, 0],
		[58, "RX_1", 3074.84, -1297.56, "T", "SMD", "UART_RX", "", "O", 100, 60, 0, 0],
		[59, "SD_EXP_1", 3023.72, -1511.57, "B", "SMD", "SD_CSN", "", "R", 23.62, 61.02, 0, 270],
		[60, "SD_EXP_2", 3023.72, -1550.95, "B", "SMD", "SD_MOSI", "", "R", 23.62, 61.02, 0, 270],
		[61, "SD_EXP_3", 3023.72, -1590.32, "B", "SMD", "3.3V", "", "R", 23.62, 61.02, 0, 270],
		[62, "SD_EXP_4", 3023.72, -1629.69, "B", "SMD", "SD_CLK", "", "R", 23.62, 61.02, 0, 270],
		[63, "SD_EXP_5", 3023.72, -1669.06, "B", "SMD", "GND", "GND", "R", 23.62, 61.02, 0, 270],
		[64, "SD_EXP_6", 3023.72, -1708.43, "B", "SMD", "SD_MSIO", "", "R", 23.62, 61.02, 0, 270],
		[65, "SD_EXP_7", 3176.28, -1759.6, "B", "SMD", "GND", "GND", "R", 59.05, 78.74, 0, 270],
		[66, "SD_EXP_8", 3176.28, -1460.39, "B", "SMD", "GND", "GND", "R", 59.05, 78.74, 0, 270],
		[67, "TX_1", 3069.84, -1451.93, "T", "SMD", "UART_TX", "", "O", 100, 60, 0, 0],
		[68, "U1_1", 917.01, -2022.78, "T", "SMD", "LAD0", "", "R", 62.99, 125.98, 0, 0],
		[69, "U1_2", 1017.01, -2022.78, "T", "SMD", "LAD1", "", "R", 62.99, 125.98, 0, 0],
		[70, "U1_3", 1117.01, -2022.78, "T", "SMD", "GND", "GND", "R", 62.99, 125.98, 0, 0],
		[71, "U1_4", 1217.01, -2022.78, "T", "SMD", "LAD2", "", "R", 62.99, 125.98, 0, 0],
		[72, "U1_5", 1317.01, -2022.78, "T", "SMD", "LAD3", "", "R", 62.99, 125.98, 0, 0],
		[73, "U1_6", 1417.01, -2022.78, "T", "SMD", "LCLK", "", "R", 62.99, 125.98, 0, 0],
		[74, "U1_7", 1517.01, -2022.78, "T", "SMD", "LFRAME", "", "R", 62.99, 125.98, 0, 0],
		[75, "U1_8", 1617.01, -2022.78, "T", "SMD", "GND", "GND", "R", 62.99, 125.98, 0, 0],
		[76, "U1_9", 1717.01, -2022.78, "T", "SMD", "D0", "", "R", 62.99, 125.98, 0, 0],
		[77, "U1_10", 1817.01, -2022.78, "T", "SMD", "RST", "", "R", 62.99, 125.98, 0, 0],
		[78, "U1_11", 1917.01, -2022.78, "T", "SMD", "3.3V", "", "R", 62.99, 125.98, 0, 0],
		[79, "U1_12", 2017.01, -2022.78, "T", "SMD", "U1_12", "", "R", 62.99, 125.98, 0, 0],
		[80, "U1_13", 2117.01, -2022.78, "T", "SMD", "GND", "GND", "R", 62.99, 125.98, 0, 0],
		[81, "U1_14", 2217.01, -2022.78, "T", "SMD", "U1_14", "", "R", 62.99, 125.98, 0, 0],
		[82, "U1_15", 2317.01, -2022.78, "T", "SMD", "U1_15", "", "R", 62.99, 125.98, 0, 0],
		[83, "U1_16", 2417.01, -2022.78, "T", "SMD", "SD_MSIO", "", "R", 62.99, 125.98, 0, 0],
		[84, "U1_17", 2517.01, -2022.78, "T", "SMD", "SD_CSN", "", "R", 62.99, 125.98, 0, 0],
		[85, "U1_18", 2617.01, -2022.78, "T", "SMD", "GND", "GND", "R", 62.99, 125.98, 0, 0],
		[86, "U1_19", 2717.01, -2022.78, "T", "SMD", "SD_CLK", "", "R", 62.99, 125.98, 0, 0],
		[87, "U1_20", 2817.01, -2022.78, "T", "SMD", "SD_MOSI", "", "R", 62.99, 125.98, 0, 0],
		[88, "U1_21", 2817.01, -1228.5, "T", "SMD", "UART_TX", "", "R", 62.99, 125.98, 0, 0],
		[89, "U1_22", 2717.01, -1228.5, "T", "SMD", "UART_RX", "", "R", 62.99, 125.98, 0, 0],
		[90, "U1_23", 2617.01, -1228.5, "T", "SMD", "GND", "GND", "R", 62.99, 125.98, 0, 0],
		[91, "U1_24", 2517.01, -1228.5, "T", "SMD", "DISP_SPI_SCK", "", "R", 62.99, 125.98, 0, 0],
		[92, "U1_25", 2417.01, -1228.5, "T", "SMD", "DISP_SPI_TX", "", "R", 62.99, 125.98, 0, 0],
		[93, "U1_26", 2317.01, -1228.5, "T", "SMD", "I2C_SDA", "", "R", 62.99, 125.98, 0, 0],
		[94, "U1_27", 2217.01, -1228.5, "T", "SMD", "I2C_SCL", "", "R", 62.99, 125.98, 0, 0],
		[95, "U1_28", 2117.01, -1228.5, "T", "SMD", "GND", "GND", "R", 62.99, 125.98, 0, 0],
		[96, "U1_29", 2017.01, -1228.5, "T", "SMD", "RGB_DI", "", "R", 62.99, 125.98, 0, 0],
		[97, "U1_30", 1917.01, -1228.5, "T", "SMD", "U1_30", "", "R", 62.99, 125.98, 0, 0],
		[98, "U1_31", 1817.01, -1228.5, "T", "SMD", "DISP_CSN2", "", "R", 62.99, 125.98, 0, 0],
		[99, "U1_32", 1717.01, -1228.5, "T", "SMD", "DISP_CSN1", "", "R", 62.99, 125.98, 0, 0],
		[100, "U1_33", 1617.01, -1228.5, "T", "SMD", "GND", "GND", "R", 62.99, 125.98, 0, 0],
		[101, "U1_34", 1517.01, -1228.5, "T", "SMD", "U1_34", "", "R", 62.99, 125.98, 0, 0],
		[102, "U1_35", 1417.01, -1228.5, "T", "SMD", "U1_35", "", "R", 62.99, 125.98, 0, 0],
		[103, "U1_36", 1317.01, -1228.5, "T", "SMD", "U1_36", "", "R", 62.99, 125.98, 0, 0],
		[104, "U1_37", 1217.01, -1228.5, "T", "SMD", "U1_37", "", "R", 62.99, 125.98, 0, 0],
		[105, "U1_38", 1117.01, -1228.5, "T", "SMD", "GND", "GND", "R", 62.99, 125.98, 0, 0],
		[106, "U1_39", 1017.01, -1228.5, "T", "SMD", "5V", "", "R", 62.99, 125.98, 0, 0],
		[107, "U1_40", 917.01, -1228.5, "T", "SMD", "U1_40", "", "R", 62.99, 125.98, 0, 0],
		[108, "U1_41", 2848.51, -1725.64, "T", "SMD", "U1_41", "", "R", 62.99, 125.98, 0, 90],
		[109, "U1_42", 2848.51, -1625.64, "T", "SMD", "GND", "GND", "R", 62.99, 125.98, 0, 90],
		[110, "U1_43", 2848.51, -1525.64, "T", "SMD", "U1_43", "", "R", 62.99, 125.98, 0, 90],
		[111, "U1_TP1", 1040.25, -1625.64, "T", "SMD", "U1_TP1", "", "R", 59.05, 59.05, 0, 0],
		[112, "U1_TP2", 910.32, -1586.27, "T", "SMD", "U1_TP2", "", "R", 59.05, 59.05, 0, 0],
		[113, "U1_TP3", 910.32, -1665.01, "T", "SMD", "U1_TP3", "", "R", 59.05, 59.05, 0, 0],
		[114, "U1_TP4", 1178.04, -1724.06, "T", "SMD", "U1_TP4", "", "R", 59.05, 59.05, 0, 0],
		[115, "U1_TP5", 1281.47, -1724.06, "T", "SMD", "U1_TP5", "", "R", 59.05, 59.05, 0, 0],
		[116, "U1_TP6", 1374.89, -1724.06, "T", "SMD", "U1_TP6", "", "R", 59.05, 59.05, 0, 0],
		[117, "VSEL_1", 3076.83, -1905.63, "B", "SMD", "D5V", "", "R", 27.56, 58.66, 0, 90],
		[118, "VSEL_2", 3076.83, -1945, "B", "SMD", "VOUT", "", "R", 27.56, 58.66, 0, 90],
		[119, "VSEL_3", 3076.83, -1984.37, "B", "SMD", "3.3V", "", "R", 27.56, 58.66, 0, 90],
		[120, "VSEL_4", 3193.17, -1834.76, "B", "SMD", "GND", "GND", "R", 31.5, 39.37, 0, 0],
		[121, "VSEL_4", 3193.17, -2055.23, "B", "SMD", "GND", "GND", "R", 31.5, 39.37, 0, 0],
		[122, "VSEL_4", 3106.55, -1834.76, "B", "SMD", "GND", "GND", "R", 31.5, 39.37, 0, 0],
		[123, "VSEL_4", 3106.55, -2055.23, "B", "SMD", "GND", "GND", "R", 31.5, 39.37, 0, 0]
	]
}
}