{
"lengthUnit": "mil",
"components": {
	"fields": ["COMPONENT_NO", "COMPONENT_NAME", "LAYER", "X_COORDINATE", "Y_COORDINATE", "ANGLE"],
	"rows": [
		[1, "D0", "T", 3054.21, -2028.19, 0],
		[2, "D1", "B", 2165, -1815, 180],
		[3, "DISP", "B", 2825, -2015, 180],
		[4, "EXP", "B", 1450, -2015, 180],
		[5, "LPC", "B", 2430, -1625, 90],
		[6, "R1", "B", 2677.34, -1465.8, 180],
		[7, "R2", "B", 2167.34, -1547.78, 0],
		[8, "R3", "B", 2175, -1680, 0],
		[9, "R4", "B", 2681.69, -1660.68, 180],
		[10, "RGB", "B", 1860, -2015, 180],
		[11, "RX", "T", 3074.84, -1297.56, 0],
		[12, "SD_EXP", "B", 3100, -1615, 270],
		[13, "TX", "T", 3069.84, -1451.93, 0],
		[14, "U1", "T", 1879.42, -1625.63, 0]
	]
},
"pins": {
	"fields": ["PIN_NO", "PIN_NAME", "PIN_X", "PIN_Y", "LAYER", "PIN_TYPE", "NET_NAME", "NET_TYPE", "PAD_SHAPE", "PAD_SIZEX", "PAD_SIZEY", "HOLE_SIZE", "PAD_ANGLE"],
	"rows": [
		[1, "D0_1", 3054.21, -2028.19, "T", "SMD", "D0", "", "C", 80, 80, 0, 0],
		[2, "D1_1", 2211.16, -1815, "B", "SMD", "5V", "", "R", 39.37, 29.53, 0, 180],
		[3, "D1_2", 2118.84, -1815, "B", "SMD", "X5V", "", "R", 39.37, 29.53, 0, 180],
		[4, "DISP_1", 2923.43, -1938.72, "B", "SMD", "5V", "", "R", 23.62, 61.02, 0, 180],
		[5, "DISP_2", 2884.05, -1938.72, "B", "SMD", "DISP_SPI_TX", "", "R", 23.62, 61.02, 0, 180],
		[6, "DISP_3", 2844.68, -1938.72, "B", "SMD", "DISP_SPI_SCK", "", "R", 23.62, 61.02, 0, 180],
		[7, "DISP_4", 2805.31, -1938.72, "B", "SMD", "DISP_CSN2", "", "R", 23.62, 61.02, 0, 180],
		[8, "DISP_5", 2765.94, -1938.72, "B", "SMD", "DISP_CSN1", "", "R", 23.62, 61.02, 0, 180],
		[9, "DISP_6", 2726.57, -1938.72, "B", "SMD", "GND", "GND", "R", 23.62, 61.02, 0, 180],
		[10, "DISP_7", 2675.4, -2091.28, "B", "SMD", "GND", "GND", "R", 59.05, 78.74, 0, 180],
		[11, "DISP_8", 2974.61, -2091.28, "B", "SMD", "GND", "GND", "R", 59.05, 78.74, 0, 180],
		[12, "EXP_1", 1548.43, -1938.72, "B", "SMD", "GND", "GND", "R", 23.62, 61.02, 0, 180],
		[13, "EXP_2", 1509.05, -1938.72, "B", "SMD", "XSCL", "", "R", 23.62, 61.02, 0, 180],
		[14, "EXP_3", 1469.68, -1938.72, "B", "SMD", "I2C_SDA", "", "R", 23.62, 61.02, 0, 180],
		[15, "EXP_4", 1430.31, -1938.72, "B", "SMD", "I2C_SCL", "", "R", 23.62, 61.02, 0, 180],
		[16, "EXP_5", 1390.94, -1938.72, "B", "SMD", "XSDA", "", "R", 23.62, 61.02, 0, 180],
		[17, "EXP_6", 1351.57, -1938.72, "B", "SMD", "5V", "", "R", 23.62, 61.02, 0, 180],
		[18, "EXP_7", 1300.4, -2091.28, "B", "SMD", "GND", "GND", "R", 59.05, 78.74, 0, 180],
		[19, "EXP_8", 1599.61, -2091.28, "B", "SMD", "GND", "GND", "R", 59.05, 78.74, 0, 180],
		[20, "LPC_1", 2320.55, -1975, "B", "SMD", "LCLK", "", "R", 39.37, 62.99, 0, 90],
		[21, "LPC_2", 2539.45, -1975, "B", "SMD", "GND", "GND", "R", 39.37, 62.99, 0, 90],
		[22, "LPC_3", 2320.55, -1875, "B", "SMD", "LFRAME", "", "R", 39.37, 62.99, 0, 90],
		[23, "LPC_4", 2539.45, -1875, "B", "SMD", "LPC_4", "", "R", 39.37, 62.99, 0, 90],
		[24, "LPC_5", 2320.55, -1775, "B", "SMD", "RST", "", "R", 39.37, 62.99, 0, 90],
		[25, "LPC_6", 2539.45, -1775, "B", "SMD", "X5V", "", "R", 39.37, 62.99, 0, 90],
		[26, "LPC_7", 2320.55, -1675, "B", "SMD", "XLAD3", "", "R", 39.37, 62.99, 0, 90],
		[27, "LPC_8", 2539.45, -1675, "B", "SMD", "XLAD2", "", "R", 39.37, 62.99, 0, 90],
		[28, "LPC_9", 2320.55, -1575, "B", "SMD", "3.3V", "", "R", 39.37, 62.99, 0, 90],
		[29, "LPC_10", 2539.45, -1575, "B", "SMD", "XLAD1", "", "R", 39.37, 62.99, 0, 90],
		[30, "LPC_11", 2320.55, -1475, "B", "SMD", "XLAD0", "", "R", 39.37, 62.99, 0, 90],
		[31, "LPC_12", 2539.45, -1475, "B", "SMD", "GND", "GND", "R", 39.37, 62.99, 0, 90],
		[32, "LPC_13", 2320.55, -1375, "B", "SMD", "XSCL", "", "R", 39.37, 62.99, 0, 90],
		[33, "LPC_14", 2539.45, -1375, "B", "SMD", "XSDA", "", "R", 39.37, 62.99, 0, 90],
		[34, "LPC_15", 2320.55, -1275, "B", "SMD", "LPC_15", "", "R", 39.37, 62.99, 0, 90],
		[35, "LPC_16", 2539.45, -1275, "B", "SMD", "LPC_16", "", "R", 39.37, 62.99, 0, 90],
		[36, "R1_1", 2716.71, -1465.8, "B", "SMD", "LAD0", "", "R", 44.59, 54.21, 0, 180],
		[37, "R1_2", 2637.97, -1465.8, "B", "SMD", "XLAD0", "", "R", 44.59, 54.21, 0, 180],
		[38, "R2_1", 2127.97, -1547.78, "B", "SMD", "LAD1", "", "R", 44.59, 54.21, 0, 0],
		[39, "R2_2", 2206.71, -1547.78, "B", "SMD", "XLAD1", "", "R", 44.59, 54.21, 0, 0],
		[40, "R3_1", 2135.63, -1680, "B", "SMD", "LAD2", "", "R", 44.59, 54.21, 0, 0],
		[41, "R3_2", 2214.37, -1680, "B", "SMD", "XLAD2", "", "R", 44.59, 54.21, 0, 0],
		[42, "R4_1", 2721.06, -1660.68, "B", "SMD", "LAD3", "", "R", 44.59, 54.21, 0, 180],
		[43, "R4_2", 2642.32, -1660.68, "B", "SMD", "XLAD3", "", "R", 44.59, 54.21, 0, 180],
		[44, "RGB_1", 1958.43, -1938.72, "B", "SMD", "RGB_DI", "", "R", 23.62, 61.02, 0, 180],
		[45, "RGB_2", 1919.05, -1938.72, "B", "SMD", "3.3V", "", "R", 23.62, 61.02, 0, 180],
		[46, "RGB_3", 1879.68, -1938.72, "B", "SMD", "GND", "GND", "R", 23.62, 61.02, 0, 180],
		[47, "RGB_4", 1840.31, -1938.72, "B", "SMD", "RGB_4", "", "R", 23.62, 61.02, 0, 180],
		[48, "RGB_5", 1800.94, -1938.72, "B", "SMD", "GND", "GND", "R", 23.62, 61.02, 0, 180],
		[49, "RGB_6", 1761.57, -1938.72, "B", "SMD", "5V", "", "R", 23.62, 61.02, 0, 180],
		[50, "RGB_7", 1710.4, -2091.28, "B", "SMD", "GND", "GND", "R", 59.05, 78.74, 0, 180],
		[51, "RGB_8", 2009.61, -2091.28, "B", "SMD", "GND", "GND", "R", 59.05, 78.74, 0, 180],
		[52, "RX_1", 3074.84, -1297.56, "T", "SMD", "UART_RX", "", "C", 80, 80, 0, 0],
		[53, "SD_EXP_1", 3023.72, -1516.57, "B", "SMD", "3.3V", "", "R", 23.62, 61.02, 0, 270],
		[54, "SD_EXP_2", 3023.72, -1555.95, "B", "SMD", "SD_MSIO", "", "R", 23.62, 61.02, 0, 270],
		[55, "SD_EXP_3", 3023.72, -1595.32, "B", "SMD", "SD_CSN", "", "R", 23.62, 61.02, 0, 270],
		[56, "SD_EXP_4", 3023.72, -1634.69, "B", "SMD", "SD_CLK", "", "R", 23.62, 61.02, 0, 270],
		[57, "SD_EXP_5", 3023.72, -1674.06, "B", "SMD", "SD_MOSI", "", "R", 23.62, 61.02, 0, 270],
		[58, "SD_EXP_6", 3023.72, -1713.43, "B", "SMD", "GND", "GND", "R", 23.62, 61.02, 0, 270],
		[59, "SD_EXP_7", 3176.28, -1764.6, "B", "SMD", "GND", "GND", "R", 59.05, 78.74, 0, 270],
		[60, "SD_EXP_8", 3176.28, -1465.39, "B", "SMD", "GND", "GND", "R", 59.05, 78.74, 0, 270],
		[61, "TX_1", 3069.84, -1451.93, "T", "SMD", "UART_TX", "", "C", 80, 80, 0, 0],
		[62, "U1_1", 917.01, -2022.78, "T", "SMD", "LAD0", "", "R", 62.99, 125.98, 0, 0],
		[63, "U1_2", 1017.01, -2022.78, "T", "SMD", "LAD1", "", "R", 62.99, 125.98, 0, 0],
		[64, "U1_3", 1117.01, -2022.78, "T", "SMD", "GND", "GND", "R", 62.99, 125.98, 0, 0],
		[65, "U1_4", 1217.01, -2022.78, "T", "SMD", "LAD2", "", "R", 62.99, 125.98, 0, 0],
		[66, "U1_5", 1317.01, -2022.78, "T", "SMD", "LAD3", "", "R", 62.99, 125.98, 0, 0],
		[67, "U1_6", 1417.01, -2022.78, "T", "SMD", "LCLK", "", "R", 62.99, 125.98, 0, 0],
		[68, "U1_7", 1517.01, -2022.78, "T", "SMD", "LFRAME", "", "R", 62.99, 125.98, 0, 0],
		[69, "U1_8", 1617.01, -2022.78, "T", "SMD", "GND", "GND", "R", 62.99, 125.98, 0, 0],
		[70, "U1_9", 1717.01, -2022.78, "T", "SMD", "D0", "", "R", 62.99, 125.98, 0, 0],
		[71, "U1_10", 1817.01, -2022.78, "T", "SMD", "RST", "", "R", 62.99, 125.98, 0, 0],
		[72, "U1_11", 1917.01, -2022.78, "T", "SMD", "3.3V", "", "R", 62.99, 125.98, 0, 0],
		[73, "U1_12", 2017.01, -2022.78, "T", "SMD", "U1_12", "", "R", 62.99, 125.98, 0, 0],
		[74, "U1_13", 2117.01, -2022.78, "T", "SMD", "GND", "GND", "R", 62.99, 125.98, 0, 0],
		[75, "U1_14", 2217.01, -2022.78, "T", "SMD", "U1_14", "", "R", 62.99, 125.98, 0, 0],
		[76, "U1_15", 2317.01, -2022.78, "T", "SMD", "U1_15", "", "R", 62.99, 125.98, 0, 0],
		[77, "U1_16", 2417.01, -2022.78, "T", "SMD", "SD_MSIO", "", "R", 62.99, 125.98, 0, 0],
		[78, "U1_17", 2517.01, -2022.78, "T", "SMD", "SD_CSN", "", "R", 62.99, 125.98, 0, 0],
		[79, "U1_18", 2617.01, -2022.78, "T", "SMD", "GND", "GND", "R", 62.99, 125.98, 0, 0],
		[80, "U1_19", 2717.01, -2022.78, "T", "SMD", "SD_CLK", "", "R", 62.99, 125.98, 0, 0],
		[81, "U1_20", 2817.01, -2022.78, "T", "SMD", "SD_MOSI", "", "R", 62.99, 125.98, 0, 0],
		[82, "U1_21", 2817.01, -1228.5, "T", "SMD", "UART_TX", "", "R", 62.99, 125.98, 0, 0],
		[83, "U1_22", 2717.01, -1228.5, "T", "SMD", "UART_RX", "", "R", 62.99, 125.98, 0, 0],
		[84, "U1_23", 2617.01, -1228.5, "T", "SMD", "GND", "GND", "R", 62.99, 125.98, 0, 0],
		[85, "U1_24", 2517.01, -1228.5, "T", "SMD", "DISP_SPI_SCK", "", "R", 62.99, 125.98, 0, 0],
		[86, "U1_25", 2417.01, -1228.5, "T", "SMD", "DISP_SPI_TX", "", "R", 62.99, 125.98, 0, 0],
		[87, "U1_26", 2317.01, -1228.5, "T", "SMD", "I2C_SDA", "", "R", 62.99, 125.98, 0, 0],
		[88, "U1_27", 2217.01, -1228.5, "T", "SMD", "I2C_SCL", "", "R", 62.99, 125.98, 0, 0],
		[89, "U1_28", 2117.01, -1228.5, "T", "SMD", "GND", "GND", "R", 62.99, 125.98, 0, 0],
		[90, "U1_29", 2017.01, -1228.5, "T", "SMD", "RGB_DI", "", "R", 62.99, 125.98, 0, 0],
		[91, "U1_30", 1917.01, -1228.5, "T", "SMD", "U1_30", "", "R", 62.99, 125.98, 0, 0],
		[92, "U1_31", 1817.01, -1228.5, "T", "SMD", "DISP_CSN2", "", "R", 62.99, 125.98, 0, 0],
		[93, "U1_32", 1717.01, -1228.5, "T", "SMD", "DISP_CSN1", "", "R", 62.99, 125.98, 0, 0],
		[94, "U1_33", 1617.01, -1228.5, "T", "SMD", "GND", "GND", "R", 62.99, 125.98, 0, 0],
		[95, "U1_34", 1517.01, -1228.5, "T", "SMD", "U1_34", "", "R", 62.99, 125.98, 0, 0],
		[96, "U1_35", 1417.01, -1228.5, "T", "SMD", "U1_35", "", "R", 62.99, 125.98, 0, 0],
		[97, "U1_36", 1317.01, -1228.5, "T", "SMD", "U1_36", "", "R", 62.99, 125.98, 0, 0],
		[98, "U1_37", 1217.01, -1228.5, "T", "SMD", "U1_37", "", "R", 62.99, 125.98, 0, 0],
		[99, "U1_38", 1117.01, -1228.5, "T", "SMD", "GND", "GND", "R", 62.99, 125.98, 0, 0],
		[100, "U1_39", 1017.01, -1228.5, "T", "SMD", "5V", "", "R", 62.99, 125.98, 0, 0],
		[101, "U1_40", 917.01, -1228.5, "T", "SMD", "U1_40", "", "R", 62.99, 125.98, 0, 0],
		[102, "U1_41", 2848.51, -1725.63, "T", "SMD", "U1_41", "", "R", 62.99, 125.98, 0, 90],
		[103, "U1_42", 2848.51, -1625.63, "T", "SMD", "GND", "GND", "R", 62.99, 125.98, 0, 90],
		[104, "U1_43", 2848.51, -1525.63, "T", "SMD", "U1_43", "", "R", 62.99, 125.98, 0, 90],
		[105, "U1_TP1", 1040.25, -1625.64, "T", "SMD", "U1_TP1", "", "R", 59.05, 59.05, 0, 0],
		[106, "U1_TP2", 910.33, -1586.26, "T", "SMD", "U1_TP2", "", "R", 59.05, 59.05, 0, 0],
		[107, "U1_TP3", 910.33, -1665.01, "T", "SMD", "U1_TP3", "", "R", 59.05, 59.05, 0, 0],
		[108, "U1_TP4", 1178.04, -1724.06, "T", "SMD", "U1_TP4", "", "R", 59.05, 59.05, 0, 0],
		[109, "U1_TP5", 1281.47, -1724.06, "T", "SMD", "U1_TP5", "", "R", 59.05, 59.05, 0, 0],
		[110, "U1_TP6", 1374.89, -1724.06, "T", "SMD", "U1_TP6", "", "R", 59.05, 59.05, 0, 0]
	]
}
}