{
"lengthUnit": "mil",
"components": {
	"fields": ["COMPONENT_NO", "COMPONENT_NAME", "LAYER", "X_COORDINATE", "Y_COORDINATE", "ANGLE"],
	"rows": [
		[1, "RN1", "T", 640, -525, 180],
		[2, "SD_EXP", "T", 195, -650, 270],
		[3, "TF1", "T", 650, -880, 180]
	]
},
"pins": {
	"fields": ["PIN_NO", "PIN_NAME", "PIN_X", "PIN_Y", "LAYER", "PIN_TYPE", "NET_NAME", "NET_TYPE", "PAD_SHAPE", "PAD_SIZEX", "PAD_SIZEY", "HOLE_SIZE", "PAD_ANGLE"],
	"rows": [
		[1, "RN1_1", 687.24, -489.56, "T", "SMD", "3.3V", "", "R", 25.59, 31.5, 0, 180],
		[2, "RN1_2", 655.75, -489.56, "T", "SMD", "3.3V", "", "R", 19.68, 31.5, 0, 180],
		[3, "RN1_3", 624.25, -489.56, "T", "SMD", "3.3V", "", "R", 19.68, 31.5, 0, 180],
		[4, "RN1_4", 592.76, -489.56, "T", "SMD", "3.3V", "", "R", 25.59, 31.5, 0, 180],
		[5, "RN1_5", 592.76, -560.44, "T", "SMD", "SD_CSN", "", "R", 25.59, 31.5, 0, 180],
		[6, "RN1_6", 624.25, -560.44, "T", "SMD", "SD_CLK", "", "R", 19.68, 31.5, 0, 180],
		[7, "RN1_7", 655.75, -560.44, "T", "SMD", "SD_MISO", "", "R", 19.68, 31.5, 0, 180],
		[8, "RN1_8", 687.24, -560.44, "T", "SMD", "SD_MOSI", "", "R", 25.59, 31.5, 0, 180],
		[9, "SD_EXP_1", 271.28, -551.57, "T", "SMD", "SD_CSN", "", "R", 23.62, 61.02, 0, 270],
		[10, "SD_EXP_2", 271.28, -590.95, "T", "SMD", "SD_MOSI", "", "R", 23.62, 61.02, 0, 270],
		[11, "SD_EXP_3", 271.28, -630.32, "T", "SMD", "3.3V", "", "R", 23.62, 61.02, 0, 270],
		[12, "SD_EXP_4", 271.28, -669.69, "T", "SMD", "SD_CLK", "", "R", 23.62, 61.02, 0, 270],
		[13, "SD_EXP_5", 271.28, -709.06, "T", "SMD", "GND", "GND", "R", 23.62, 61.02, 0, 270],
		[14, "SD_EXP_6", 271.28, -748.43, "T", "SMD", "SD_MISO", "", "R", 23.62, 61.02, 0, 270],
		[15, "SD_EXP_7", 118.72, -799.6, "T", "SMD", "GND", "GND", "R", 59.05, 78.74, 0, 270],
		[16, "SD_EXP_8", 118.72, -500.39, "T", "SMD", "GND", "GND", "R", 59.05, 78.74, 0, 270],
		[17, "TF1_1", 788.98, -799.29, "T", "SMD", "TF1_1", "", "O", 27.56, 62.99, 0, 180],
		[18, "TF1_2", 745.67, -799.29, "T", "SMD", "SD_CSN", "", "O", 27.56, 62.99, 0, 180],
		[19, "TF1_3", 702.37, -799.29, "T", "SMD", "SD_MOSI", "", "O", 27.56, 62.99, 0, 180],
		[20, "TF1_4", 659.06, -799.29, "T", "SMD", "3.3V", "", "O", 27.56, 62.99, 0, 180],
		[21, "TF1_5", 615.75, -799.29, "T", "SMD", "SD_CLK", "", "O", 27.56, 62.99, 0, 180],
		[22, "TF1_6", 572.44, -799.29, "T", "SMD", "GND", "GND", "O", 27.56, 62.99, 0, 180],
		[23, "TF1_7", 529.14, -799.29, "T", "SMD", "SD_MISO", "", "O", 27.56, 62.99, 0, 180],
		[24, "TF1_8", 485.83, -799.29, "T", "SMD", "TF1_8", "", "O", 27.56, 62.99, 0, 180],
		[25, "TF1_9", 857.48, -921.73, "T", "SMD", "GND", "GND", "R", 59.05, 19.68, 0, 180],
		[26, "TF1_10", 826.38, -960.71, "T", "SMD", "GND", "GND", "R", 59.05, 31.5, 0, 180],
		[27, "TF1_11", 442.52, -901.65, "T", "SMD", "GND", "GND", "P", 70.87, 157.48, 0, 180],
		[28, "TF1_11", 843.31, -872.52, "T", "SMD", "GND", "GND", "R", 64.96, 51.18, 0, 180]
	]
}
}